,cof,gas,carrier,ppm,rep_id,slope,saturation,auc
0,Fe-COF-DC-8,CO,N2_dry,10.0,0,-0.03129592514187335,7.675090996170387,6694.230061628714
1,Fe-COF-DC-8,CO,N2_dry,10.0,1,0.013494405719583467,5.36729215128129,6330.417211730912
2,Fe-COF-DC-8,CO,N2_dry,10.0,2,-0.005563977703424735,4.055673659892433,3285.1880989093124
3,Fe-COF-DC-8,CO,N2_dry,10.0,3,-0.012287218723861711,2.9931986770755254,1656.1456257882273
4,Fe-COF-DC-8,CO,N2_dry,40.0,0,0.021180206173950878,13.60694162253009,21660.02021322338
5,Fe-COF-DC-8,CO,N2_dry,40.0,1,0.016906404885511307,9.488430996287471,14610.256378156242
6,Fe-COF-DC-8,CO,N2_dry,40.0,2,0.0196036726408389,9.908306990455404,15219.122644167797
7,Fe-COF-DC-8,CO,N2_dry,80.0,0,0.014907954673794403,5.860109472276775,4884.30200977729
8,Fe-COF-DC-8,CO,N2_dry,80.0,1,0.014648737601032817,6.042152292152289,5488.169191919191
9,Fe-COF-DC-8,CO,N2_dry,80.0,2,0.014077946896187049,5.830026878279786,6197.642817526334
10,Fe-COF-DC-8,CO,N2_dry,80.0,3,0.014077946896187049,5.830026878279786,6197.642817526334
11,Ni-COF-DC-8,CO,air_dry,80.0,0,0.0024252093211135544,1.1774811586912177,152.6196207251338
12,Ni-COF-DC-8,CO,N2_dry,80.0,0,0.006737208499057732,5.2133799783038555,9356.235330450896
13,Ni-COF-DC-8,CO,N2_dry,80.0,1,0.006096745575230012,4.729538738051263,8420.775531023919
14,Ni-COF-DC-8,CO,N2_dry,80.0,2,0.004319383960356692,3.549805746741083,6306.716035261414
15,Ni-COF-DC-8,CO,N2_dry,80.0,3,0.025493669983578833,25.538182820684494,37118.734787916954
16,Ni-COF-DC-8,CO,N2_dry,80.0,4,-0.013370548172981753,1.3143559693384708,115.46554018541863
17,Ni-COF-DC-8,CO,N2_humid,80.0,0,0.016530791610911155,8.945799048420403,13752.330814046665
18,Cu-COF-DC-8,CO,air_dry,80.0,0,0.037099649236086586,4.219530512073566,5403.315702319434
19,Cu-COF-DC-8,CO,air_dry,80.0,1,0.01822939481793892,1.747051106792464,1642.4633460663413
20,Cu-COF-DC-8,CO,air_dry,80.0,2,-0.03094179587933803,-2.7465301927832786,-3650.308153304619
21,Cu-COF-DC-8,CO,air_dry,80.0,3,-0.07068242752130147,-5.032535080820666,-6829.920739695848
22,Cu-COF-DC-8,CO,air_humid,80.0,0,0.037099649236086586,4.219530512073566,5403.315702319434
23,Cu-COF-DC-8,CO,air_humid,80.0,1,0.01822939481793892,1.747051106792464,1642.4633460663413
24,Cu-COF-DC-8,CO,air_humid,80.0,2,-0.03094179587933803,-2.7465301927832786,-3650.308153304619
25,Cu-COF-DC-8,CO,air_humid,80.0,3,-0.07068242752130147,-5.032535080820666,-6829.920739695848
26,Cu-COF-DC-8,CO,N2_dry,80.0,0,0.007578404680386193,-0.9612232337531579,93.12960189968965
27,Cu-COF-DC-8,CO,N2_dry,80.0,1,0.0019893923952204145,2.078608615767913,2249.0567827360223
28,Cu-COF-DC-8,CO,N2_dry,80.0,2,-0.004932237186818371,-0.8444633775989442,-450.0186787393186
29,Cu-COF-DC-8,CO,N2_dry,80.0,3,-0.005171616753093665,-0.49251878470324856,-112.89034418534908
30,Cu-COF-DC-8,CO,N2_dry,80.0,4,-0.0034047541185914174,-0.572390821545859,-290.515685372219
31,Cu-COF-DC-8,CO,N2_dry,80.0,5,-0.00037740605534838207,-0.03337430310678988,-65.29344435216676
32,Cu-COF-DC-8,CO,N2_dry,80.0,6,-0.03840165365437153,-2.2254074967202,-2970.357491535812
33,Cu-COF-DC-8,CO,N2_humid,80.0,0,-0.023363128975852063,2.155510455446878,2688.02475706956
34,Cu-COF-DC-8,CO,N2_humid,80.0,1,-0.02467253198086826,2.66297345339253,3345.2704171473742
35,Cu-COF-DC-8,CO,N2_humid,80.0,2,-0.036500464723419945,2.0475238445857964,2487.648121067092
36,Cu-COF-DC-8,CO,N2_humid,80.0,3,0.05583615383969483,6.974363797163649,12185.0229317055
37,Co-COF-DC-8,CO,air_dry,80.0,0,0.005753379246541391,3.3623310837215503,3580.395274810363
38,Co-COF-DC-8,CO,air_humid,80.0,0,-0.03789996180441903,-3.2217384701274048,-2733.3841085801555
39,Co-COF-DC-8,CO,air_humid,80.0,1,-0.02280219684852281,-1.8342995855909965,123.38949180923004
40,Co-COF-DC-8,CO,air_humid,80.0,2,-0.03252219235903222,-2.170492024655935,966.8937794201906
41,Co-COF-DC-8,CO,air_humid,80.0,3,-0.0331750005394755,-7.51331624793415,-11467.320664987872
42,Co-COF-DC-8,CO,N2_dry,80.0,0,0.0021721689386286556,2.256948650147805,3591.7083108942934
43,Co-COF-DC-8,CO,N2_dry,80.0,1,0.0029039322094062173,2.259031718875868,3490.5761225411834
44,Co-COF-DC-8,CO,N2_dry,80.0,2,-0.02782759672116675,-9.384689821009896,-14129.570448934664
45,Co-COF-DC-8,CO,N2_dry,80.0,3,-0.018588917405716367,-4.692039748277317,-6114.092132693757
46,Co-COF-DC-8,CO,N2_dry,80.0,4,-0.031944855176755216,-6.917100412515501,-9798.62828051054
47,Co-COF-DC-8,CO,N2_dry,80.0,5,-0.028563926094813178,-8.228420792082593,-12855.21404476801
48,Co-COF-DC-8,CO,N2_dry,80.0,6,-0.02689829679656224,-7.504128778750544,-11191.202553884741
49,Co-COF-DC-8,CO,N2_humid,80.0,0,0.004828331949791811,6.697000273781421,8379.129422656042
50,Fe-COF-DC-8,H2S,N2_dry,5.0,0,0.027732093313032845,26.151917202753125,49916.270716544735
51,Fe-COF-DC-8,H2S,N2_dry,5.0,1,0.030555972070142094,27.14597260319093,52160.508301711336
52,Fe-COF-DC-8,H2S,N2_dry,5.0,2,0.02945522722920014,27.219264474308574,52243.869688402374
53,Fe-COF-DC-8,H2S,N2_dry,5.0,3,0.0300308744562625,26.99611138825997,51830.185108791586
54,Fe-COF-DC-8,H2S,N2_dry,10.0,0,0.05300958468178658,41.52363977449949,76406.08793919167
55,Fe-COF-DC-8,H2S,N2_dry,10.0,1,0.056460212131699494,42.86795363528809,79656.28193064193
56,Fe-COF-DC-8,H2S,N2_dry,10.0,2,0.05931192589913035,43.931898470867516,81882.17065949958
57,Fe-COF-DC-8,H2S,N2_dry,10.0,3,0.062438782571134686,43.638783296393946,81534.13864030906
58,Fe-COF-DC-8,H2S,N2_dry,20.0,0,0.10982594324846359,55.840444500845045,112998.68221022245
59,Fe-COF-DC-8,H2S,N2_dry,20.0,1,0.12396012078054296,58.345939253811494,118809.67593560528
60,Fe-COF-DC-8,H2S,N2_dry,20.0,2,0.12341241353946658,58.43043313278145,119439.13140436538
61,Fe-COF-DC-8,H2S,N2_dry,20.0,3,0.12615795184054768,58.38360311348179,119714.6228560484
62,Fe-COF-DC-8,H2S,N2_dry,40.0,0,0.16204093817343102,65.8270976342292,136890.03238848376
63,Fe-COF-DC-8,H2S,N2_dry,40.0,1,0.16679021417900206,64.69607829743737,134544.86223627828
64,Fe-COF-DC-8,H2S,N2_dry,40.0,2,0.1817454994736295,66.36642118546364,138342.6821822647
65,Fe-COF-DC-8,H2S,N2_dry,40.0,3,0.16910827012038998,65.9106201294332,136889.39515257542
66,Fe-COF-DC-8,H2S,N2_dry,80.0,0,0.40009490655001023,67.95325937962313,150158.4138466913
67,Fe-COF-DC-8,H2S,N2_dry,80.0,1,0.4352324231783571,70.19645467189528,155722.70412072772
68,Fe-COF-DC-8,H2S,N2_dry,80.0,2,0.41246502456575646,69.70226960117218,154130.16657416767
69,Fe-COF-DC-8,H2S,N2_dry,80.0,3,0.3859205317248029,67.08463711442657,146922.65559373805
70,Ni-COF-DC-8,H2S,air_dry,80.0,0,0.44502188333654896,93.35330404575058,209380.34128762953
71,Ni-COF-DC-8,H2S,air_dry,80.0,1,0.4412403631189571,92.61279859021424,207704.08281841048
72,Ni-COF-DC-8,H2S,air_dry,80.0,2,0.687703153522327,98.76779196153234,237098.76155244847
73,Ni-COF-DC-8,H2S,air_humid,80.0,0,0.4351118619267678,99.23311803617908,220063.4081384336
74,Ni-COF-DC-8,H2S,air_humid,80.0,1,0.439463370182942,99.27708005411391,220159.21098673414
75,Ni-COF-DC-8,H2S,air_humid,80.0,2,0.4447017372551319,99.31782958355207,220013.3068413434
76,Ni-COF-DC-8,H2S,N2_dry,5.0,0,0.006252126332128676,0.4285208640728016,-233.22458518067694
77,Ni-COF-DC-8,H2S,N2_dry,5.0,1,-0.0010127452439988407,-0.22846644407155298,-131.91663615970015
78,Ni-COF-DC-8,H2S,N2_dry,10.0,0,0.0063126607200077005,4.152603484148594,5034.618398989027
79,Ni-COF-DC-8,H2S,N2_dry,10.0,1,0.005121149661015285,2.833054050302754,912.5345368769325
80,Ni-COF-DC-8,H2S,N2_dry,10.0,2,0.006332335176109636,2.2088899792582066,-2935.3010534454306
81,Ni-COF-DC-8,H2S,N2_dry,10.0,3,0.0074256144743629505,4.839528445328369,7759.940857181022
82,Ni-COF-DC-8,H2S,N2_dry,20.0,0,0.03941022583742927,45.0302009407303,83357.62361582858
83,Ni-COF-DC-8,H2S,N2_dry,20.0,1,0.05473496797504498,40.1078634478113,74713.90347943819
84,Ni-COF-DC-8,H2S,N2_dry,20.0,2,0.04014097732292373,25.49343420129945,46290.87007308417
85,Ni-COF-DC-8,H2S,N2_dry,20.0,3,0.02766163955698499,31.337543443440786,54419.76211173417
86,Ni-COF-DC-8,H2S,N2_dry,40.0,0,0.13175012481858572,72.76642152745828,140648.5957746959
87,Ni-COF-DC-8,H2S,N2_dry,40.0,1,0.060442190336694374,58.31813694175038,102960.55065141217
88,Ni-COF-DC-8,H2S,N2_dry,40.0,2,0.09437263072812907,46.544601922316076,75933.69734576088
89,Ni-COF-DC-8,H2S,N2_dry,40.0,3,0.09150872906304774,72.78067522275812,137365.7645508052
90,Ni-COF-DC-8,H2S,N2_dry,80.0,0,0.3234509664567834,97.62815396629544,220243.2430886585
91,Ni-COF-DC-8,H2S,N2_dry,80.0,1,0.3185414703121422,97.4774879459232,219565.02869114233
92,Ni-COF-DC-8,H2S,N2_dry,80.0,2,0.2734664713871033,96.69830550809326,214236.03921933722
93,Ni-COF-DC-8,H2S,N2_dry,80.0,3,0.15683697922259626,77.20262534618118,152206.1999144125
94,Ni-COF-DC-8,H2S,N2_dry,80.0,4,0.1099867404858834,23.36254031142329,48482.346817709935
95,Ni-COF-DC-8,H2S,N2_dry,80.0,5,0.16845062027279634,75.06221008129368,148072.60154175787
96,Ni-COF-DC-8,H2S,N2_dry,80.0,6,0.15683697922259626,77.20262534618118,152206.1999144125
97,Ni-COF-DC-8,H2S,N2_humid,80.0,0,0.48550846915034973,97.30358016508848,219166.44545903255
98,Ni-COF-DC-8,H2S,N2_humid,80.0,1,0.5046573805243398,98.75134857555578,222967.97778102482
99,Ni-COF-DC-8,H2S,N2_humid,80.0,2,0.5013713671860659,98.56743246168324,221409.72459471208
100,Ni-COF-DC-8,H2S,N2_humid,80.0,3,0.5059924282061664,99.13226419174181,224338.83918040074
101,Cu-COF-DC-8,H2S,air_dry,80.0,0,0.7358798837104001,100.13605673982295,241675.76811051677
102,Cu-COF-DC-8,H2S,air_dry,80.0,1,0.874011515184037,99.92671304843341,244103.6766830468
103,Cu-COF-DC-8,H2S,air_dry,80.0,2,0.7907483720321113,100.04080913941199,242958.51247326526
104,Cu-COF-DC-8,H2S,air_dry,80.0,3,0.7906935935244611,99.23176884739664,239656.10914443218
105,Cu-COF-DC-8,H2S,air_humid,80.0,0,0.7815924496720049,94.18685471566849,223240.16197293144
106,Cu-COF-DC-8,H2S,air_humid,80.0,1,0.82765507151929,99.40276638186137,239590.8208973278
107,Cu-COF-DC-8,H2S,air_humid,80.0,2,0.9028515990064713,99.41359546893436,244969.17714805325
108,Cu-COF-DC-8,H2S,air_humid,80.0,3,0.7978814998950804,99.49769599972876,241180.6222468198
109,Cu-COF-DC-8,H2S,N2_dry,5.0,0,0.21676113491714016,93.37728519923685,193233.3032638603
110,Cu-COF-DC-8,H2S,N2_dry,5.0,1,0.1990690149219365,92.42493962888874,188763.30648282386
111,Cu-COF-DC-8,H2S,N2_dry,5.0,2,0.1793028052977504,82.88221697777675,166666.8362442407
112,Cu-COF-DC-8,H2S,N2_dry,10.0,0,0.31124177539077386,95.57880807005503,218841.18937198847
113,Cu-COF-DC-8,H2S,N2_dry,10.0,1,0.2372694494701969,92.9625442707814,207526.02293042256
114,Cu-COF-DC-8,H2S,N2_dry,10.0,2,0.3327491744906553,95.00746918680511,218848.80259282267
115,Cu-COF-DC-8,H2S,N2_dry,10.0,3,0.30519928740715435,95.52374452608211,219043.8702948621
116,Cu-COF-DC-8,H2S,N2_dry,20.0,0,0.4142964391947757,97.00193215770904,204310.7330831516
117,Cu-COF-DC-8,H2S,N2_dry,20.0,1,0.5013067271193954,97.76919288750945,213444.72464680683
118,Cu-COF-DC-8,H2S,N2_dry,20.0,2,0.5439258247087234,92.64395027869045,201754.42760788422
119,Cu-COF-DC-8,H2S,N2_dry,20.0,3,0.4789182229785385,97.47476808357797,211117.6881697112
120,Cu-COF-DC-8,H2S,N2_dry,40.0,0,0.46497942066770076,96.69586365972899,198779.27487681768
121,Cu-COF-DC-8,H2S,N2_dry,40.0,1,0.44889531634298724,97.63662394161958,200602.00512539258
122,Cu-COF-DC-8,H2S,N2_dry,40.0,2,0.40830161387057745,96.51371934287465,194443.72407663992
123,Cu-COF-DC-8,H2S,N2_dry,40.0,3,0.436413023975967,98.92515993838298,205961.99742324476
124,Cu-COF-DC-8,H2S,N2_dry,80.0,0,0.4389190186275222,91.30349006262774,204754.05162619092
125,Cu-COF-DC-8,H2S,N2_dry,80.0,1,0.4978245529903171,94.10976113426534,215621.81104558363
126,Cu-COF-DC-8,H2S,N2_dry,80.0,2,0.44324416092976693,92.26866753288618,209836.63349256635
127,Cu-COF-DC-8,H2S,N2_dry,80.0,3,0.4394845625651851,93.88757911295994,211938.99864586856
128,Cu-COF-DC-8,H2S,N2_dry,80.0,4,1.0684659410971868,99.2121868720674,242090.55097574112
129,Cu-COF-DC-8,H2S,N2_dry,80.0,5,0.9678620826167429,99.16730600403166,241321.75382229913
130,Cu-COF-DC-8,H2S,N2_dry,80.0,6,1.0367199713568427,99.41847166635665,244308.57258242488
131,Cu-COF-DC-8,H2S,N2_humid,80.0,0,0.884654436745083,100.06442056259193,242833.45472735696
132,Cu-COF-DC-8,H2S,N2_humid,80.0,1,0.8021330822415514,100.04219877710968,243672.0764337267
133,Cu-COF-DC-8,H2S,N2_humid,80.0,2,1.28068140641159,100.20583416423375,250403.17456333654
134,Cu-COF-DC-8,H2S,N2_humid,80.0,3,1.0817012876231114,100.14446889631115,249194.51745120485
135,Co-COF-DC-8,H2S,air_dry,80.0,0,0.4551204877672251,91.84557857308496,210693.151513312
136,Co-COF-DC-8,H2S,air_dry,80.0,1,0.39290036031687586,89.00990939899783,199009.81873390687
137,Co-COF-DC-8,H2S,air_dry,80.0,2,0.5060137628941223,93.37030048908161,218125.10811143724
138,Co-COF-DC-8,H2S,air_humid,80.0,0,0.41671060913013563,87.91685113313866,195937.68638426514
139,Co-COF-DC-8,H2S,air_humid,80.0,1,0.44300554307159395,90.92904539221355,204398.56639355613
140,Co-COF-DC-8,H2S,air_humid,80.0,2,0.49880450632566536,94.65550172478751,213460.52355025493
141,Co-COF-DC-8,H2S,air_humid,80.0,3,0.42455703510673815,91.70324535278394,204067.92483106628
142,Co-COF-DC-8,H2S,N2_dry,10.0,0,0.04659302018414461,30.76408508554354,57737.01829149475
143,Co-COF-DC-8,H2S,N2_dry,10.0,1,0.03758279888772689,26.163809223864725,48801.39657106863
144,Co-COF-DC-8,H2S,N2_dry,10.0,2,0.044093554523732106,33.04331398889181,60647.605758582504
145,Co-COF-DC-8,H2S,N2_dry,10.0,3,0.01775083753604649,14.561360423207367,25745.72893089692
146,Co-COF-DC-8,H2S,N2_dry,20.0,0,0.16423325575708284,62.60647530100841,126409.54603320881
147,Co-COF-DC-8,H2S,N2_dry,20.0,1,0.08981215513352472,42.68615153603938,83167.93177980625
148,Co-COF-DC-8,H2S,N2_dry,20.0,2,0.11694123288438617,53.435913050019224,103469.46791043183
149,Co-COF-DC-8,H2S,N2_dry,20.0,3,0.07170343529463014,37.07169027493292,70656.6458760061
150,Co-COF-DC-8,H2S,N2_dry,40.0,0,0.1840813818610193,74.97760466497864,153953.04681688413
151,Co-COF-DC-8,H2S,N2_dry,40.0,1,0.13224619381704072,65.27787758543398,128307.10214209727
152,Co-COF-DC-8,H2S,N2_dry,40.0,2,0.11647125989169466,61.09037208346539,117940.57114097933
153,Co-COF-DC-8,H2S,N2_dry,40.0,3,0.12640350652470833,61.85867110689625,123540.52707649153
154,Co-COF-DC-8,H2S,N2_dry,80.0,0,0.5839747714283537,92.73821608107377,210908.81203656702
155,Co-COF-DC-8,H2S,N2_dry,80.0,1,0.6283972327777372,95.41871884419822,220764.25750679645
156,Co-COF-DC-8,H2S,N2_dry,80.0,2,0.45507430534530485,91.41570237756316,203485.61615463707
157,Co-COF-DC-8,H2S,N2_dry,80.0,3,0.17481927627795424,71.50102067937046,132103.44658304707
158,Co-COF-DC-8,H2S,N2_dry,80.0,4,0.21400042583973194,80.24208193131442,152900.2185814239
159,Co-COF-DC-8,H2S,N2_dry,80.0,5,0.11653127577461905,53.47635198452806,95037.88363850936
160,Co-COF-DC-8,H2S,N2_dry,80.0,6,0.10684558731141482,42.82789840348936,78376.56997289829
161,Co-COF-DC-8,H2S,N2_humid,80.0,0,0.6662942545224547,88.1998590543624,208963.2618989452
162,Co-COF-DC-8,H2S,N2_humid,80.0,1,0.6550439468133371,97.7350306847448,229487.4253360192
163,Co-COF-DC-8,H2S,N2_humid,80.0,2,0.7403369005321976,97.57234977457566,230775.95001506727
164,Co-COF-DC-8,H2S,N2_humid,80.0,3,0.6012739122361392,97.44541914833377,226857.4801236749
165,Fe-COF-DC-8,NH3,N2_dry,5.0,0,0.01235602432171005,11.365236247148818,20772.86130652952
166,Fe-COF-DC-8,NH3,N2_dry,5.0,1,0.012444798049916566,11.237625320305362,20700.721230670883
167,Fe-COF-DC-8,NH3,N2_dry,5.0,2,0.011984336814322072,10.988502911314587,20106.52672327449
168,Fe-COF-DC-8,NH3,N2_dry,10.0,0,0.018184890629241997,15.596056817598406,29554.378439017968
169,Fe-COF-DC-8,NH3,N2_dry,10.0,1,0.024637711522733825,15.359167572057547,29649.554071184393
170,Fe-COF-DC-8,NH3,N2_dry,10.0,2,0.006936146680900926,4.478176343492137,8505.614980394272
171,Fe-COF-DC-8,NH3,N2_dry,10.0,3,0.020024730355538155,14.686521677018222,27848.421128715177
172,Fe-COF-DC-8,NH3,N2_dry,20.0,0,0.0321827105660768,12.869916982964746,24754.518061068644
173,Fe-COF-DC-8,NH3,N2_dry,20.0,1,0.03164843889135663,12.57792591980025,23698.61826198004
174,Fe-COF-DC-8,NH3,N2_dry,20.0,2,0.0337362148878842,13.408377797999082,24664.71246297243
175,Fe-COF-DC-8,NH3,N2_dry,20.0,3,0.034017604786406204,15.173966830752645,27686.69941615923
176,Fe-COF-DC-8,NH3,N2_dry,40.0,0,0.07180823216984245,25.056302117464195,47530.444856539565
177,Fe-COF-DC-8,NH3,N2_dry,40.0,1,0.07552613771403048,25.08761143812796,47641.04789288112
178,Fe-COF-DC-8,NH3,N2_dry,40.0,2,0.05823054376051187,19.337454785342043,36722.67165834389
179,Fe-COF-DC-8,NH3,N2_dry,40.0,3,0.07933357755840217,25.571095214544165,48670.91082727621
180,Fe-COF-DC-8,NH3,N2_dry,80.0,0,0.11958976740870214,28.880502552835843,54671.955527606144
181,Fe-COF-DC-8,NH3,N2_dry,80.0,1,0.12259922103403859,29.369824030510028,55941.40004013578
182,Fe-COF-DC-8,NH3,N2_dry,80.0,2,0.1197881006203776,29.25157748165634,55820.7586262864
183,Fe-COF-DC-8,NH3,N2_dry,80.0,3,0.11507865996721409,28.64572360886043,54242.067379377215
184,Ni-COF-DC-8,NH3,air_dry,80.0,0,1.0310458476284028,88.44717467189002,195404.63553084052
185,Ni-COF-DC-8,NH3,air_dry,80.0,1,1.0362853191117525,88.67777875427235,195746.90723126658
186,Ni-COF-DC-8,NH3,air_dry,80.0,2,1.000396200367574,87.6039169660032,193737.55100946833
187,Ni-COF-DC-8,NH3,air_humid,80.0,0,0.8354763298521488,91.16788100419936,204473.9518287175
188,Ni-COF-DC-8,NH3,air_humid,80.0,1,0.7635269404500395,90.90228057729779,203150.84986966357
189,Ni-COF-DC-8,NH3,air_humid,80.0,2,0.7003328302743862,89.65836593134053,197716.1136592695
190,Ni-COF-DC-8,NH3,air_humid,80.0,3,0.7503435828274906,91.47785651383602,205900.33137790865
191,Ni-COF-DC-8,NH3,air_humid,80.0,4,0.822168376372767,91.51956727399534,207920.88158126432
192,Ni-COF-DC-8,NH3,N2_dry,5.0,0,0.013744830532831239,10.9310332785638,18823.697387109125
193,Ni-COF-DC-8,NH3,N2_dry,5.0,1,0.02337378673813196,13.85736106520253,24446.905475598476
194,Ni-COF-DC-8,NH3,N2_dry,5.0,2,0.025880821693914938,13.605415977334069,24441.71750145679
195,Ni-COF-DC-8,NH3,N2_dry,10.0,0,0.022813143397323026,9.66656995327468,15364.030868045214
196,Ni-COF-DC-8,NH3,N2_dry,10.0,1,0.03208204290226511,10.274494899543683,16377.538563862763
197,Ni-COF-DC-8,NH3,N2_dry,10.0,2,0.016830052710845422,5.206100968066314,7736.276893722805
198,Ni-COF-DC-8,NH3,N2_dry,20.0,0,0.07550918959407316,25.470532377243604,48229.33279476169
199,Ni-COF-DC-8,NH3,N2_dry,20.0,1,0.027035547327694708,16.29602511234793,27490.06071446344
200,Ni-COF-DC-8,NH3,N2_dry,20.0,2,0.0404273623042717,17.263935631705003,30237.0576365058
201,Ni-COF-DC-8,NH3,N2_dry,20.0,3,0.031112320811962357,11.214695182670306,18739.573953699008
202,Ni-COF-DC-8,NH3,N2_dry,40.0,0,0.13576127282941494,37.220139404236264,70438.68246960598
203,Ni-COF-DC-8,NH3,N2_dry,40.0,1,0.19292133139050427,26.10009538950716,52754.83805405404
204,Ni-COF-DC-8,NH3,N2_dry,40.0,2,0.37626926141501144,31.233470805684863,57915.64125113003
205,Ni-COF-DC-8,NH3,N2_dry,40.0,3,0.07978965050791824,25.685454656354587,46106.42840740697
206,Ni-COF-DC-8,NH3,N2_dry,80.0,0,0.8266215806582567,87.83186402786401,195647.3075040563
207,Ni-COF-DC-8,NH3,N2_dry,80.0,1,0.8067011092843019,87.35381934836936,194151.54516574892
208,Ni-COF-DC-8,NH3,N2_dry,80.0,2,0.8148053859364044,87.33198294676058,194334.23817030797
209,Ni-COF-DC-8,NH3,N2_dry,80.0,3,0.048765327886659986,25.336339573283567,44331.20056577803
210,Ni-COF-DC-8,NH3,N2_dry,80.0,4,0.15462742071786226,29.6269318194177,55021.783133218036
211,Ni-COF-DC-8,NH3,N2_dry,80.0,5,0.15950499482090796,31.377676686249853,58152.14946065527
212,Ni-COF-DC-8,NH3,N2_dry,80.0,6,0.272928545094037,54.20023131174402,109193.10754787929
213,Ni-COF-DC-8,NH3,N2_humid,80.0,0,1.0145474901482794,88.34754946821691,194930.3915240376
214,Ni-COF-DC-8,NH3,N2_humid,80.0,1,1.0445389437402264,88.52416535713644,195360.5874724737
215,Ni-COF-DC-8,NH3,N2_humid,80.0,2,1.012055363773075,87.67597578275218,192740.33106478056
216,Ni-COF-DC-8,NH3,N2_humid,80.0,3,1.022111547212035,87.98345010234362,193892.97360363882
217,Ni-COF-DC-8,NH3,N2_humid,80.0,4,1.017452737067078,87.69397095309913,192624.54674809676
218,Cu-COF-DC-8,NH3,air_dry,80.0,0,0.558675942365288,88.90885624712399,206305.96045813672
219,Cu-COF-DC-8,NH3,air_dry,80.0,1,0.6316294546036739,91.77254396954999,215173.52466838522
220,Cu-COF-DC-8,NH3,air_dry,80.0,2,0.24953413503406244,53.06890730995929,115113.48243831946
221,Cu-COF-DC-8,NH3,air_dry,80.0,3,0.6293637015540083,93.15580199171335,220139.46842243875
222,Cu-COF-DC-8,NH3,air_humid,80.0,0,0.3300530121108048,66.06745963083071,143493.95796471293
223,Cu-COF-DC-8,NH3,air_humid,80.0,1,0.23285781809267928,53.32130291563501,115731.86017299845
224,Cu-COF-DC-8,NH3,air_humid,80.0,2,0.573016743987609,76.70125642469776,165469.02487168316
225,Cu-COF-DC-8,NH3,N2_dry,5.0,0,0.037469152850099934,24.813143696512835,41209.935014286064
226,Cu-COF-DC-8,NH3,N2_dry,5.0,1,0.059299407895748155,23.02576460368172,39271.589815320345
227,Cu-COF-DC-8,NH3,N2_dry,5.0,2,0.047126136061302844,30.225096086104294,51217.89646645787
228,Cu-COF-DC-8,NH3,N2_dry,10.0,0,0.12048080897825925,29.98617673269471,47985.35067708937
229,Cu-COF-DC-8,NH3,N2_dry,10.0,1,0.0977620466720189,34.71958166689691,64029.387284113436
230,Cu-COF-DC-8,NH3,N2_dry,10.0,2,0.11040612645983122,32.691031950094484,57509.677930547
231,Cu-COF-DC-8,NH3,N2_dry,20.0,0,0.09748819822449364,25.009623102770952,5573.002438665395
232,Cu-COF-DC-8,NH3,N2_dry,20.0,1,0.09670351736481393,24.14934086430552,1751.194013860666
233,Cu-COF-DC-8,NH3,N2_dry,20.0,2,0.07919461806091715,24.883975638503955,18415.951076481524
234,Cu-COF-DC-8,NH3,N2_dry,20.0,3,0.07711843137324022,27.86454155817981,32954.466645689114
235,Cu-COF-DC-8,NH3,N2_dry,40.0,0,0.6717575497971707,56.170351368245726,94735.36146059976
236,Cu-COF-DC-8,NH3,N2_dry,40.0,1,0.7376950496490564,54.24273199823942,89434.34201035656
237,Cu-COF-DC-8,NH3,N2_dry,40.0,2,0.7515115160082385,54.095029095882126,87657.21774522164
238,Cu-COF-DC-8,NH3,N2_dry,80.0,0,0.4042357825523297,79.3749778625058,178930.67856461057
239,Cu-COF-DC-8,NH3,N2_dry,80.0,1,0.42044217653486005,79.99103343203764,182666.0198876437
240,Cu-COF-DC-8,NH3,N2_dry,80.0,2,0.416602407007832,69.5503508063399,152165.77400146544
241,Cu-COF-DC-8,NH3,N2_dry,80.0,3,0.2887573134162336,60.17398409380573,105199.17975653236
242,Cu-COF-DC-8,NH3,N2_dry,80.0,4,0.26727424726382754,57.70159625837963,99353.30788317337
243,Cu-COF-DC-8,NH3,N2_dry,80.0,5,0.2783250847876502,57.67277395952511,92509.75500230989
244,Cu-COF-DC-8,NH3,N2_humid,80.0,0,0.5472620630483233,60.21962140828118,133944.19442080532
245,Cu-COF-DC-8,NH3,N2_humid,80.0,1,0.5837657267285538,49.03431599073635,108363.55064988317
246,Cu-COF-DC-8,NH3,N2_humid,80.0,2,0.5262568945575405,57.68179409388586,127155.56818104672
247,Cu-COF-DC-8,NH3,N2_humid,80.0,3,0.6031429410570988,59.45913863989647,129089.96426382975
248,Co-COF-DC-8,NH3,air_dry,80.0,0,0.1098527695476558,34.540577750906344,60560.31997055088
249,Co-COF-DC-8,NH3,air_dry,80.0,1,0.10707073111431496,30.998962412350853,52387.792333137375
250,Co-COF-DC-8,NH3,air_dry,80.0,2,0.14522110505964456,42.27011760425594,78906.10940884208
251,Co-COF-DC-8,NH3,air_dry,80.0,3,0.11491918202391328,38.02548815138136,68151.74034391803
252,Co-COF-DC-8,NH3,air_humid,80.0,0,0.1506515989926344,54.710370519767274,103553.37598406343
253,Co-COF-DC-8,NH3,air_humid,80.0,1,0.1439725454254392,49.949640917649674,94768.3192940776
254,Co-COF-DC-8,NH3,air_humid,80.0,2,0.15923673999330726,51.081855912295545,97595.74072603638
255,Co-COF-DC-8,NH3,air_humid,80.0,3,0.1566047045432613,55.926606479237144,106258.67295994572
256,Co-COF-DC-8,NH3,air_humid,80.0,4,0.1681759251522675,55.603871945186214,106129.84292854676
257,Co-COF-DC-8,NH3,N2_dry,5.0,0,0.12281386089865626,57.95242747607811,105015.56271339071
258,Co-COF-DC-8,NH3,N2_dry,5.0,1,0.11655017039035587,55.021041335551224,100013.00475517486
259,Co-COF-DC-8,NH3,N2_dry,5.0,2,0.1184570896778862,52.47302383917042,94636.88846079221
260,Co-COF-DC-8,NH3,N2_dry,5.0,3,0.11495522216804231,55.37304309230655,99136.86830852821
261,Co-COF-DC-8,NH3,N2_dry,10.0,0,0.23253861939694068,62.30144761595017,133202.99227462936
262,Co-COF-DC-8,NH3,N2_dry,10.0,1,0.21411104200427802,58.58236901884312,123400.71548058174
263,Co-COF-DC-8,NH3,N2_dry,10.0,2,0.1919054827335679,53.617822241176725,110400.84962065314
264,Co-COF-DC-8,NH3,N2_dry,10.0,3,0.2538962291370648,63.15748853038946,134062.27202880138
265,Co-COF-DC-8,NH3,N2_dry,20.0,0,0.5144156068903372,75.17095550619379,168772.96606097993
266,Co-COF-DC-8,NH3,N2_dry,20.0,1,0.5688309577830434,77.27328562754779,174801.4122672978
267,Co-COF-DC-8,NH3,N2_dry,20.0,2,0.5804460750803182,72.2771735131396,160683.49249084387
268,Co-COF-DC-8,NH3,N2_dry,20.0,3,0.5707178616521685,76.23357861947541,170586.72923227565
269,Co-COF-DC-8,NH3,N2_dry,40.0,0,1.0603034320854592,87.12502102174268,194789.11006984455
270,Co-COF-DC-8,NH3,N2_dry,40.0,1,1.0591125495877654,88.68501543204442,199216.6300635374
271,Co-COF-DC-8,NH3,N2_dry,40.0,2,0.9115943430211434,84.06422314238749,185417.36007939314
272,Co-COF-DC-8,NH3,N2_dry,40.0,3,1.0348715103975545,87.33659825797504,194438.99660544016
273,Co-COF-DC-8,NH3,N2_dry,80.0,0,0.026673725526561203,25.621253514608807,36760.81363413689
274,Co-COF-DC-8,NH3,N2_dry,80.0,1,0.031475177818405815,28.76351522872868,44154.397951303305
275,Co-COF-DC-8,NH3,N2_dry,80.0,2,0.08182567938209673,38.45903527035389,67246.57880588545
276,Co-COF-DC-8,NH3,N2_dry,80.0,3,0.055919843182547176,31.815394907365935,53137.738732714875
277,Co-COF-DC-8,NH3,N2_dry,80.0,4,0.6643804870943859,82.98770320863521,190261.64971620782
278,Co-COF-DC-8,NH3,N2_dry,80.0,5,0.6754649879177486,88.01282934307496,206127.19642667953
279,Co-COF-DC-8,NH3,N2_dry,80.0,6,0.8388381134607746,89.86609421946952,211126.53766585924
280,Co-COF-DC-8,NH3,N2_dry,80.0,7,0.8189649839927847,89.49114293429149,208398.45648549448
281,Co-COF-DC-8,NH3,N2_humid,80.0,0,0.04609055602005026,39.91389075322265,60414.80659348583
282,Co-COF-DC-8,NH3,N2_humid,80.0,1,0.05342071482785283,46.51117177085517,76390.06101053041
283,Co-COF-DC-8,NH3,N2_humid,80.0,2,0.062413026729388005,45.73455021351422,71049.81380408637
284,Co-COF-DC-8,NH3,N2_humid,80.0,3,0.051636833213600936,43.67805842534185,66027.08925198893
285,Fe-COF-DC-8,NO,N2_dry,10.0,0,-0.6688889991656621,-377.3236745927841,-630889.7328183609
286,Fe-COF-DC-8,NO,N2_dry,10.0,1,-0.7073839715577414,-390.5432295230847,-648486.2153678436
287,Fe-COF-DC-8,NO,N2_dry,10.0,2,-0.7701712728331868,-359.0831293687765,-594902.3272643384
288,Fe-COF-DC-8,NO,N2_dry,10.0,3,-0.7148391126162257,-350.9242840647257,-582264.1642056975
289,Fe-COF-DC-8,NO,N2_dry,20.0,0,-1.1822294225428844,-285.2800777205094,-485365.8091510685
290,Fe-COF-DC-8,NO,N2_dry,20.0,1,-1.2231966369662985,-278.824082532697,-475890.776616587
291,Fe-COF-DC-8,NO,N2_dry,20.0,2,-1.2978959389746738,-309.7639836392651,-520923.73532247794
292,Fe-COF-DC-8,NO,N2_dry,40.0,0,-1.3624696640032707,-361.54224467900775,-766390.2840526364
293,Fe-COF-DC-8,NO,N2_dry,40.0,1,-1.7476257442050627,-363.22592446176475,-746845.7287362355
294,Fe-COF-DC-8,NO,N2_dry,40.0,2,-2.4416973510414013,-442.1238044714517,-898740.2919492743
295,Fe-COF-DC-8,NO,N2_dry,80.0,0,-10.606835912841653,-1443.9630594393868,-2680136.732591677
296,Fe-COF-DC-8,NO,N2_dry,80.0,1,-11.799808298155249,-1596.0143261300477,-2926756.2570537864
297,Fe-COF-DC-8,NO,N2_dry,80.0,2,-13.14439587483164,-1794.382491838493,-3287697.307932583
298,Fe-COF-DC-8,NO,N2_dry,80.0,3,-13.918746853016067,-1794.6818427858302,-3250054.7834679866
299,Ni-COF-DC-8,NO,air_dry,80.0,0,-11.092962756727653,-5724.709365493263,-12006030.161425445
300,Ni-COF-DC-8,NO,air_dry,80.0,1,-10.70954763687415,-5688.03154687324,-11829804.332467023
301,Ni-COF-DC-8,NO,air_dry,80.0,2,-11.601682157997795,-6325.756654392928,-12931024.99832413
302,Ni-COF-DC-8,NO,air_dry,80.0,3,-10.44415822760775,-5057.646410923212,-10624948.06383023
303,Ni-COF-DC-8,NO,air_humid,80.0,0,-13.126567866737915,-1716.7233367138554,-3182159.9941303963
304,Ni-COF-DC-8,NO,air_humid,80.0,1,-16.93042132603034,-2656.882604420848,-5079176.493477492
305,Ni-COF-DC-8,NO,air_humid,80.0,2,-15.831553165422433,-2359.2202393178604,-4530687.69778352
306,Ni-COF-DC-8,NO,air_humid,80.0,3,-17.924624634077002,-2631.3949109110695,-5023419.260230575
307,Ni-COF-DC-8,NO,N2_dry,5.0,0,-0.18917225742774177,-310.4414039269361,-469968.33012461365
308,Ni-COF-DC-8,NO,N2_dry,5.0,1,-0.24849664499973384,-390.2694542050602,-601911.2182778651
309,Ni-COF-DC-8,NO,N2_dry,5.0,2,-0.1449371702310959,-230.1479867381353,-353574.85192553577
310,Ni-COF-DC-8,NO,N2_dry,5.0,3,-0.10275433530762224,-159.16290917220687,-246389.1457944935
311,Ni-COF-DC-8,NO,N2_dry,10.0,0,-0.19520274861785686,-202.54636821849917,-343983.27968672477
312,Ni-COF-DC-8,NO,N2_dry,10.0,1,-0.2847213248974714,-286.75118597232284,-487116.27725933696
313,Ni-COF-DC-8,NO,N2_dry,10.0,2,-0.6069635929605695,-813.776518250943,-1352509.7630071647
314,Ni-COF-DC-8,NO,N2_dry,20.0,0,-0.4814244824314678,-712.3384434828046,-1156332.997686518
315,Ni-COF-DC-8,NO,N2_dry,20.0,1,-0.47676678566236613,-821.0859601572587,-1300244.3180622763
316,Ni-COF-DC-8,NO,N2_dry,20.0,2,-0.4469122280856191,-692.1198258813662,-1114503.020074774
317,Ni-COF-DC-8,NO,N2_dry,20.0,3,-0.2008872523088716,-263.66584642166924,-430326.0914252629
318,Ni-COF-DC-8,NO,N2_dry,40.0,0,-1.0715028860486273,-1993.7153338347625,-3101689.01856134
319,Ni-COF-DC-8,NO,N2_dry,40.0,1,-0.38786271795468436,-635.3123092502206,-1094832.1804015976
320,Ni-COF-DC-8,NO,N2_dry,40.0,2,-1.6834692502204942,-2801.486844296453,-4608431.899100858
321,Ni-COF-DC-8,NO,N2_dry,40.0,3,-0.43636056972438514,-712.9249258599259,-1221826.635683115
322,Ni-COF-DC-8,NO,N2_dry,80.0,0,-14.742224443130679,-5804.686781441813,-12059323.59173859
323,Ni-COF-DC-8,NO,N2_dry,80.0,1,-14.665125111697794,-5656.734245194478,-11485527.385148365
324,Ni-COF-DC-8,NO,N2_dry,80.0,2,-16.680060264914708,-6786.8108174736735,-13898966.00854623
325,Ni-COF-DC-8,NO,N2_dry,80.0,3,-16.51995636355513,-6305.231921586921,-12756963.84656021
326,Ni-COF-DC-8,NO,N2_dry,80.0,4,-12.96258277363117,-3826.4375124600515,-7528292.86931595
327,Ni-COF-DC-8,NO,N2_dry,80.0,5,-1.5642587056153832,-2029.6981597160263,-3298991.878919162
328,Ni-COF-DC-8,NO,N2_dry,80.0,6,-1.683631655107782,-2664.0061227139136,-4185454.5701984344
329,Ni-COF-DC-8,NO,N2_dry,80.0,7,-2.4989513161461963,-4346.425402408552,-6734552.3844561465
330,Ni-COF-DC-8,NO,N2_humid,80.0,0,-39.6710194134148,-13808.617006665958,-23171703.38617613
331,Ni-COF-DC-8,NO,N2_humid,80.0,1,-32.91359766928468,-12065.98939012304,-20326525.36951927
332,Ni-COF-DC-8,NO,N2_humid,80.0,2,-39.022604126391805,-14135.413249606207,-23209784.032723315
333,Ni-COF-DC-8,NO,N2_humid,80.0,3,-48.67931754595248,-17571.01827855088,-27859834.25791529
334,Ni-COF-DC-8,NO,N2_humid,80.0,4,-12.96258277363117,-3826.4375124600515,-7528292.86931595
335,Cu-COF-DC-8,NO,air_dry,80.0,0,-55.49903717175558,-17056.94310347231,-26317508.464174837
336,Cu-COF-DC-8,NO,air_dry,80.0,1,-46.61300889875465,-11225.1308855735,-16531844.72419929
337,Cu-COF-DC-8,NO,air_dry,80.0,2,-42.249656795365425,-14222.715421643517,-20757007.377053246
338,Cu-COF-DC-8,NO,air_humid,80.0,0,-14.844267314495628,-8450.005394325168,-13453157.224463433
339,Cu-COF-DC-8,NO,air_humid,80.0,1,-17.31301070439803,-10415.130175916178,-16982235.936186165
340,Cu-COF-DC-8,NO,air_humid,80.0,2,-22.017969585857593,-14633.766273535382,-25227399.13876251
341,Cu-COF-DC-8,NO,air_humid,80.0,3,-18.51880599069812,-12545.206342530877,-20866267.629565783
342,Cu-COF-DC-8,NO,N2_dry,5.0,0,-0.27338576411253246,-366.5285304353448,-585250.5472600951
343,Cu-COF-DC-8,NO,N2_dry,5.0,1,-0.2733085950198211,-362.57303179024274,-581006.2688178197
344,Cu-COF-DC-8,NO,N2_dry,5.0,2,-0.21865917301645657,-296.9460148341762,-471835.6774749346
345,Cu-COF-DC-8,NO,N2_dry,5.0,3,-0.3074399216690992,-427.1691012088553,-673447.1959043996
346,Cu-COF-DC-8,NO,N2_dry,10.0,0,-2.24259027704429,-2449.0504426998264,-4013768.4395023766
347,Cu-COF-DC-8,NO,N2_dry,10.0,1,-2.023438569889423,-2237.036181315859,-3660695.729737229
348,Cu-COF-DC-8,NO,N2_dry,10.0,2,-1.5408803455992992,-1641.2108460210245,-2709709.7075958443
349,Cu-COF-DC-8,NO,N2_dry,10.0,3,-1.3738466465788277,-1479.3526762487925,-2434948.0925283334
350,Cu-COF-DC-8,NO,N2_dry,20.0,0,-1.7130255935119036,-2177.9040918500264,-3409841.036236748
351,Cu-COF-DC-8,NO,N2_dry,20.0,1,-1.695586994943381,-2233.441754050068,-3452321.502785061
352,Cu-COF-DC-8,NO,N2_dry,20.0,2,-1.6509624033402979,-2209.531853932745,-3398414.8207256556
353,Cu-COF-DC-8,NO,N2_dry,40.0,0,-3.9939319976547436,-5245.407862431163,-8769925.245574297
354,Cu-COF-DC-8,NO,N2_dry,40.0,1,-3.802452418788819,-5298.786299068514,-8729858.49038003
355,Cu-COF-DC-8,NO,N2_dry,40.0,2,-4.787006119230071,-6185.840877644833,-10436342.862852417
356,Cu-COF-DC-8,NO,N2_dry,40.0,3,-4.433366033724579,-6216.153006871902,-10226195.684696209
357,Cu-COF-DC-8,NO,N2_dry,80.0,0,-30.49102453969507,-11970.210354731857,-26019303.878624804
358,Cu-COF-DC-8,NO,N2_dry,80.0,1,-30.774897540842787,-11969.038966365075,-26156773.88083735
359,Cu-COF-DC-8,NO,N2_dry,80.0,2,-26.9790742137365,-10527.44932072086,-22958961.809883997
360,Cu-COF-DC-8,NO,N2_dry,80.0,3,-7.638252060702289,-6870.707491369258,-12459795.713280842
361,Cu-COF-DC-8,NO,N2_dry,80.0,4,-9.01388634773987,-8389.531798516673,-15162604.831994738
362,Cu-COF-DC-8,NO,N2_dry,80.0,5,-7.97343737215101,-6994.4383869206595,-12756955.419259181
363,Cu-COF-DC-8,NO,N2_dry,80.0,6,-7.964289404077523,-6714.368437793966,-12360551.345002744
364,Cu-COF-DC-8,NO,N2_humid,80.0,0,-11.824991072622067,-3080.4561738375382,-5942936.794302082
365,Cu-COF-DC-8,NO,N2_humid,80.0,1,-20.717234943357532,-5155.486793550914,-9878879.931772806
366,Cu-COF-DC-8,NO,N2_humid,80.0,2,-42.299098095198396,-10254.849946504679,-19026207.992930084
367,Cu-COF-DC-8,NO,N2_humid,80.0,3,-33.3006113171271,-8150.1607995828435,-15093712.227809042
368,Co-COF-DC-8,NO,air_dry,80.0,0,-0.9408704569849651,-182.34389001022785,-401433.61517156486
369,Co-COF-DC-8,NO,air_dry,80.0,1,-1.1166422812397379,-254.04652680510344,-546602.3808365234
370,Co-COF-DC-8,NO,air_dry,80.0,2,-0.8835570285259203,-178.2445661543187,-388134.74242262845
371,Co-COF-DC-8,NO,air_humid,80.0,0,-8.277824497494269,-1022.371241345221,-1608264.8042714028
372,Co-COF-DC-8,NO,air_humid,80.0,1,-10.486841795829893,-1498.731841515108,-2553706.975821223
373,Co-COF-DC-8,NO,air_humid,80.0,2,-5.394483931317321,-681.2059850277387,-1197908.9716543907
374,Co-COF-DC-8,NO,air_humid,80.0,3,-5.489447718956754,-656.1921334484415,-969547.9854518642
375,Co-COF-DC-8,NO,N2_dry,2.5,0,-0.06724477751077326,-90.29726839769201,-135359.88673812858
376,Co-COF-DC-8,NO,N2_dry,2.5,1,-0.06321457529487498,-86.0119839386289,-129125.96832958373
377,Co-COF-DC-8,NO,N2_dry,2.5,2,-0.07052336564221501,-95.61585002664653,-143826.40178767726
378,Co-COF-DC-8,NO,N2_dry,20.0,0,-1.1671935434770366,-1840.3904065697443,-2554108.180602926
379,Co-COF-DC-8,NO,N2_dry,20.0,1,-1.2237834142273052,-1878.1226921538314,-2618282.551928152
380,Co-COF-DC-8,NO,N2_dry,20.0,2,-1.3292664710051716,-2105.987757394349,-2917695.373593277
381,Co-COF-DC-8,NO,N2_dry,20.0,3,-1.5376924498828144,-2546.7756265970015,-3515715.182547176
382,Co-COF-DC-8,NO,N2_dry,40.0,0,-5.93082524213995,-9751.730251367635,-13602582.697101403
383,Co-COF-DC-8,NO,N2_dry,40.0,1,-4.882790350156924,-9133.956275833398,-12302954.570695836
384,Co-COF-DC-8,NO,N2_dry,40.0,2,-4.001628021415446,-7661.259837258594,-10267614.076061847
385,Co-COF-DC-8,NO,N2_dry,40.0,3,-4.048956130350815,-7573.619932608437,-10306862.013676794
386,Co-COF-DC-8,NO,N2_dry,80.0,0,-3.816467566592221,-1883.526187453399,-3967543.4028776977
387,Co-COF-DC-8,NO,N2_dry,80.0,1,-2.229471100631076,-1586.708470087495,-3029822.1336313225
388,Co-COF-DC-8,NO,N2_dry,80.0,2,-2.028477823080553,-1426.9928845682005,-2733856.2568385736
389,Co-COF-DC-8,NO,N2_dry,80.0,3,-2.3831903361040263,-1673.4203589807953,-3211288.993096523
390,Co-COF-DC-8,NO,N2_dry,80.0,4,-9.365880718553212,-5650.875892725727,-9318597.411181007
391,Co-COF-DC-8,NO,N2_dry,80.0,5,-9.006290568064145,-5502.405615334879,-9158623.547823586
392,Co-COF-DC-8,NO,N2_dry,80.0,6,-9.961982927262495,-5858.678681839685,-9817677.222231386
393,Co-COF-DC-8,NO,N2_humid,80.0,0,-10.145308847116036,-3051.356807796704,-6012587.252872254
394,Co-COF-DC-8,NO,N2_humid,80.0,1,-8.144168474379507,-3085.674812994261,-6479761.579694791
395,Co-COF-DC-8,NO,N2_humid,80.0,2,-13.467389509881535,-5022.826344473086,-10311877.379995327
396,Co-COF-DC-8,NO,N2_humid,80.0,3,-13.007995163724486,-4207.67854737388,-8432173.57382266
397,Co-COF-DC-8,NO,N2_humid,80.0,4,-12.96258277363117,-3826.4375124600515,-7528292.86931595
